"","MSE","CRPS","R_2"
"result_error",5.36799032688579,1.47866104679459,0.833207339064057
