,MSE,CRPS,R_2
result_error,4.751630762,1.385041689,0.861576972
